回,日付,目的,議事録作成者,主な決定事項,主なアクション・担当
2,2026-04-22,計画作成,酒井睦基,社会的背景=大学生の急性ストレス軽減(武本案)採用／メイン3楽器(フルート・クラリネット・オルガン)＋パーカッション／同期=LED点滅で確認／担当楽器決定,"2年=詳細設計, 3年=全体構成決定"
3,2026-04-29,計画見直し,細澤悠真,リズム楽器 メトロノーム→ドラムに決定／評価指標を心理尺度法で再考／エンタメ=楽曲開始トリガ(サーボ回転案 or ロードセル案)／GitHub Organization作成,"酒井=WBS・ガント再考, 細澤武本=GitHub整備"
4,2026-05-13,計画書,酒井睦基,スレーブArduinoを各々別PCに接続(混線防止)／開始トリガ=ロードセルに決定／連続回転サーボ採用／発表スライド役割分担,"2年=スライドver1提出, 3年=修正・発表練習"
5,2026-05-20,計画発表,(記録なし),計画発表プレゼン実施,-
6,2026-05-27,進捗報告,細澤悠真,Slack→Zulip移行／GitHub Projectに全期間スケジュール追加(計画書準拠ガント)／サーボ・ポテンショ購入／計画変更なし,"細澤=購入, 武本=ガント実装, 酒井細澤=Zulip移行"
7,2026-06-03,進捗報告,(記録なし),中間テスト重複・集合できず実質記録なし,-
8,2026-06-10,進捗報告,細澤悠真,4楽器輪唱動作確認／2.3・2.2.2・2.3.1を完了みなし／1.3筐体と2.2.1 BPMに依存関係／5項目テスト実施／ロードセル未実装→ボタンで代替,"細澤武本酒井=筐体制作+BPM, 酒井=テスト取りまとめ"
9,2026-06-24,進捗報告,(無記名),7/1に全システム結合テスト実施を決定／ロードセル→サーボ稼働完成／可変テンポ完成／PLL補正で同期誤差軽減／±10BPM・50ms以内を検証中,"細澤=連結完成, 山口佐藤=誤差検証, 成毛=筐体アシスト"
10,2026-07-01,進捗報告,細澤悠真,輪唱×可動システム結合完了／1周2200ms(10周21.91秒)測定／I2CをFast-mode(400kbps)へ変更／BPM平滑化ロジック不採用(遅延なしと判明)→TPM修正／成果報告会7/15,"酒井=TPM修正, 3年=アンケート作成, 2年=発表スライド"
